Part_id,Block_no,Corr,Stimulus Time
100M32,1,0.8125,18.0
100M32,2,0.8958333333333334,18.0
100M32,3,0.8958333333333334,18.0
100M32,4,0.9166666666666666,18.0
100M32,5,0.9375,17.0
100M32,6,0.9375,16.0
100M32,7,0.8541666666666666,15.0
100M32,8,0.9375,15.0
100M32,9,0.8958333333333334,15.0
100M32,10,0.8541666666666666,15.0
100M32,11,0.9375,15.0
101M20,1,0.7916666666666666,18.0
101M20,2,0.7916666666666666,18.0
101M20,3,0.7708333333333334,18.0
101M20,4,0.8541666666666666,18.0
101M20,5,0.7708333333333334,18.0
101M20,6,0.6666666666666666,18.0
101M20,7,0.8125,18.0
101M20,8,0.9166666666666666,18.0
101M20,9,0.7291666666666666,17.0
101M20,10,0.7083333333333334,17.0
101M20,11,0.7291666666666666,17.0
102M19,1,0.4583333333333333,18.0
102M19,2,0.5625,19.0
102M19,3,0.6875,20.0
102M19,4,0.6666666666666666,20.0
102M19,5,0.625,20.0
102M19,6,0.5416666666666666,20.0
102M19,7,0.6666666666666666,21.0
102M19,8,0.5208333333333334,21.0
102M19,9,0.5833333333333334,21.0
102M19,10,0.6041666666666666,21.0
102M19,11,0.3958333333333333,21.0
103K19,1,0.7916666666666666,18.0
103K19,2,0.7083333333333334,18.0
103K19,3,0.75,18.0
103K19,4,0.8125,18.0
103K19,5,0.7291666666666666,18.0
103K19,6,0.9375,18.0
103K19,7,0.8541666666666666,17.0
103K19,8,0.875,17.0
103K19,9,0.875,17.0
103K19,10,0.8333333333333334,17.0
103K19,11,0.8333333333333334,17.0
104K22,1,0.7708333333333334,18.0
104K22,2,0.875,18.0
104K22,3,0.8958333333333334,18.0
104K22,4,0.8541666666666666,18.0
104K22,5,0.7916666666666666,18.0
104K22,6,0.8333333333333334,18.0
104K22,7,0.8958333333333334,18.0
104K22,8,0.875,18.0
104K22,9,0.8125,18.0
104K22,10,0.9583333333333334,18.0
104K22,11,0.9166666666666666,17.0
105K20,1,0.875,18.0
105K20,2,0.875,18.0
105K20,3,0.7708333333333334,18.0
105K20,4,0.6666666666666666,18.0
105K20,5,0.9375,18.0
105K20,6,0.8958333333333334,17.0
105K20,7,0.75,17.0
105K20,8,0.75,17.0
105K20,9,0.8125,17.0
105K20,10,0.7083333333333334,17.0
105K20,11,0.5416666666666666,17.0
106M23,1,0.7916666666666666,18.0
106M23,2,0.8333333333333334,18.0
106M23,3,0.7916666666666666,18.0
106M23,4,0.8333333333333334,18.0
106M23,5,0.7291666666666666,18.0
106M23,6,0.875,18.0
106M23,7,0.8333333333333334,18.0
106M23,8,0.8541666666666666,18.0
106M23,9,0.875,18.0
106M23,10,0.9166666666666666,18.0
106M23,11,0.9583333333333334,17.0
107K20,1,0.9791666666666666,18.0
107K20,2,0.8541666666666666,17.0
107K20,3,0.8125,17.0
107K20,4,0.8333333333333334,17.0
107K20,5,0.8125,17.0
107K20,6,0.9375,17.0
107K20,7,0.8958333333333334,16.0
107K20,8,0.9166666666666666,16.0
107K20,9,0.9375,15.0
107K20,10,0.9375,15.0
107K20,11,0.9791666666666666,15.0
108K22,1,0.7916666666666666,18.0
108K22,2,0.7708333333333334,18.0
108K22,3,0.8333333333333334,18.0
108K22,4,0.8333333333333334,18.0
108K22,5,0.7083333333333334,18.0
108K22,6,0.7083333333333334,18.0
108K22,7,0.7291666666666666,18.0
108K22,8,0.5625,18.0
108K22,9,0.8541666666666666,19.0
108K22,10,0.8958333333333334,19.0
108K22,11,0.875,19.0
109K29,1,0.6041666666666666,18.0
109K29,2,0.5625,18.0
109K29,3,0.5833333333333334,19.0
109K29,4,0.6458333333333334,20.0
109K29,5,0.5416666666666666,20.0
109K29,6,0.7291666666666666,21.0
109K29,7,0.6458333333333334,21.0
109K29,8,0.5416666666666666,21.0
109K29,9,0.7083333333333334,21.0
109K29,10,0.7291666666666666,21.0
109K29,11,0.5833333333333334,21.0
10K20,1,0.8125,18.0
10K20,2,0.9166666666666666,18.0
10K20,3,0.8541666666666666,17.0
10K20,4,0.75,17.0
10K20,5,0.7916666666666666,17.0
10K20,6,0.8541666666666666,17.0
10K20,7,0.8958333333333334,17.0
10K20,8,0.8541666666666666,17.0
10K20,9,0.9791666666666666,17.0
10K20,10,0.9583333333333334,16.0
10K20,11,0.7916666666666666,15.0
110M23,1,0.6458333333333334,18.0
110M23,2,0.7916666666666666,18.0
110M23,3,0.7083333333333334,18.0
110M23,4,0.7708333333333334,18.0
110M23,5,0.8333333333333334,18.0
110M23,6,0.9375,18.0
110M23,7,0.7916666666666666,17.0
110M23,8,0.7708333333333334,17.0
110M23,9,0.8333333333333334,17.0
110M23,10,0.7083333333333334,17.0
110M23,11,0.8541666666666666,17.0
111K20,1,0.8958333333333334,18.0
111K20,2,0.6666666666666666,18.0
111K20,3,0.7083333333333334,18.0
111K20,4,0.7291666666666666,18.0
111K20,5,0.7916666666666666,18.0
111K20,6,0.7916666666666666,18.0
111K20,7,0.7083333333333334,18.0
111K20,8,0.8333333333333334,18.0
111K20,9,0.9166666666666666,18.0
111K20,10,0.75,17.0
111K20,11,0.6666666666666666,17.0
112M20,1,0.875,18.0
112M20,2,0.7916666666666666,18.0
112M20,3,0.9375,18.0
112M20,4,0.8125,17.0
112M20,5,0.8333333333333334,17.0
112M20,6,0.875,17.0
112M20,7,0.8125,17.0
112M20,8,0.9583333333333334,17.0
112M20,9,0.875,16.0
112M20,10,0.9166666666666666,16.0
112M20,11,0.9375,15.0
113K22,1,0.8125,18.0
113K22,2,0.6666666666666666,18.0
113K22,3,0.5833333333333334,18.0
113K22,4,0.5,19.0
113K22,5,0.7291666666666666,20.0
113K22,6,0.6041666666666666,20.0
113K22,7,0.6875,20.0
113K22,8,0.625,20.0
113K22,9,0.7291666666666666,20.0
113K22,10,0.7708333333333334,20.0
113K22,11,0.8125,20.0
114K23,1,0.6875,18.0
114K23,2,0.5208333333333334,18.0
114K23,3,0.7291666666666666,19.0
114K23,4,0.4583333333333333,19.0
114K23,5,0.5416666666666666,20.0
114K23,6,0.4166666666666667,21.0
114K23,7,0.4583333333333333,21.0
114K23,8,0.5833333333333334,21.0
114K23,9,0.7083333333333334,21.0
114K23,10,0.8333333333333334,21.0
114K23,11,0.7916666666666666,21.0
115K22,1,0.7916666666666666,18.0
115K22,2,0.625,18.0
115K22,3,0.6041666666666666,18.0
115K22,4,0.5625,18.0
115K22,5,0.7291666666666666,19.0
115K22,6,0.5833333333333334,19.0
115K22,7,0.625,20.0
115K22,8,0.5208333333333334,20.0
115K22,9,0.8125,21.0
115K22,10,0.875,21.0
115K22,11,0.75,21.0
116K20,1,0.875,18.0
116K20,2,0.7291666666666666,18.0
116K20,3,0.9166666666666666,18.0
116K20,4,0.875,17.0
116K20,5,0.8125,17.0
116K20,6,0.7708333333333334,17.0
116K20,7,0.9166666666666666,17.0
116K20,8,0.875,16.0
116K20,9,0.6875,16.0
116K20,10,0.8125,16.0
116K20,11,0.8125,16.0
117M22,1,0.22916666666666666,18.0
117M22,2,0.3541666666666667,19.0
117M22,3,0.3125,20.0
117M22,4,0.3125,21.0
117M22,5,0.2708333333333333,21.0
117M22,6,0.20833333333333334,21.0
117M22,7,0.1875,21.0
117M22,8,0.2916666666666667,21.0
117M22,9,0.16666666666666666,21.0
117M22,10,0.22916666666666666,21.0
117M22,11,0.22916666666666666,21.0
118K23,1,0.4166666666666667,18.0
118K23,2,0.2916666666666667,19.0
118K23,3,0.1875,20.0
118K23,4,0.2708333333333333,21.0
118K23,5,0.3333333333333333,21.0
118K23,6,0.3958333333333333,21.0
118K23,7,0.25,21.0
118K23,8,0.3333333333333333,21.0
118K23,9,0.1875,21.0
118K23,10,0.20833333333333334,21.0
118K23,11,0.2916666666666667,21.0
119K22,1,0.6458333333333334,18.0
119K22,2,0.7291666666666666,18.0
119K22,3,0.8125,18.0
119K22,4,0.75,18.0
119K22,5,0.6875,18.0
119K22,6,0.5,18.0
119K22,7,0.75,19.0
119K22,8,0.6875,19.0
119K22,9,0.6041666666666666,19.0
119K22,10,0.6875,19.0
119K22,11,0.6666666666666666,19.0
11K19,1,0.9583333333333334,18.0
11K19,2,0.9583333333333334,17.0
11K19,3,0.9375,16.0
11K19,4,0.8125,15.0
11K19,5,0.8333333333333334,15.0
11K19,6,0.8125,15.0
11K19,7,0.8541666666666666,15.0
11K19,8,0.8541666666666666,15.0
11K19,9,0.875,15.0
11K19,10,0.8958333333333334,15.0
11K19,11,0.9166666666666666,15.0
120K25,1,0.75,18.0
120K25,2,0.8958333333333334,18.0
120K25,3,0.9583333333333334,18.0
120K25,4,0.9166666666666666,17.0
120K25,5,0.8125,16.0
120K25,6,0.8541666666666666,16.0
120K25,7,0.8125,16.0
120K25,8,0.8958333333333334,16.0
120K25,9,0.7083333333333334,16.0
120K25,10,0.7708333333333334,16.0
120K25,11,0.7916666666666666,16.0
121M28,1,0.625,18.0
121M28,2,0.6875,18.0
121M28,3,0.75,18.0
121M28,4,0.6458333333333334,18.0
121M28,5,0.7083333333333334,18.0
121M28,6,0.7708333333333334,18.0
121M28,7,0.8333333333333334,18.0
121M28,8,0.7291666666666666,18.0
121M28,9,0.6666666666666666,18.0
121M28,10,0.6875,18.0
121M28,11,0.7916666666666666,18.0
122K19,1,0.8333333333333334,18.0
122K19,2,0.7291666666666666,18.0
122K19,3,0.75,18.0
122K19,4,0.8125,18.0
122K19,5,0.75,18.0
122K19,6,0.7916666666666666,18.0
122K19,7,0.6666666666666666,18.0
122K19,8,0.7916666666666666,18.0
122K19,9,0.7708333333333334,18.0
122K19,10,0.7916666666666666,18.0
122K19,11,0.7916666666666666,18.0
123K20,1,0.7291666666666666,18.0
123K20,2,0.75,18.0
123K20,3,0.5833333333333334,18.0
123K20,4,0.625,19.0
123K20,5,0.7083333333333334,19.0
123K20,6,0.6666666666666666,19.0
123K20,7,0.5833333333333334,19.0
123K20,8,0.7291666666666666,20.0
123K20,9,0.5625,20.0
123K20,10,0.4791666666666667,21.0
123K20,11,0.7291666666666666,21.0
124K21,1,0.7291666666666666,18.0
124K21,2,0.6875,18.0
124K21,3,0.7083333333333334,18.0
124K21,4,0.7083333333333334,18.0
124K21,5,0.7916666666666666,18.0
124K21,6,0.7708333333333334,18.0
124K21,7,0.7083333333333334,18.0
124K21,8,0.8541666666666666,18.0
124K21,9,0.875,18.0
124K21,10,0.8333333333333334,18.0
124K21,11,0.875,18.0
125K20,1,0.8125,18.0
125K20,2,0.8541666666666666,18.0
125K20,3,0.8333333333333334,18.0
125K20,4,0.8541666666666666,18.0
125K20,5,0.875,18.0
125K20,6,0.8958333333333334,18.0
125K20,7,0.9375,18.0
125K20,8,0.7916666666666666,17.0
125K20,9,0.8541666666666666,17.0
125K20,10,0.8333333333333334,17.0
125K20,11,0.8958333333333334,17.0
126K30,1,0.1875,18.0
126K30,2,0.5416666666666666,19.0
126K30,3,0.4791666666666667,20.0
126K30,4,0.5,21.0
126K30,5,0.5416666666666666,21.0
126K30,6,0.6458333333333334,21.0
126K30,7,0.4375,21.0
126K30,8,0.5625,21.0
126K30,9,0.5208333333333334,21.0
126K30,10,0.5625,21.0
126K30,11,0.3541666666666667,21.0
127K22,1,0.8333333333333334,18.0
127K22,2,0.8541666666666666,18.0
127K22,3,0.7916666666666666,18.0
127K22,4,0.8541666666666666,18.0
127K22,5,0.8958333333333334,18.0
127K22,6,0.8333333333333334,18.0
127K22,7,0.875,18.0
127K22,8,0.875,18.0
127K22,9,0.8541666666666666,18.0
127K22,10,0.875,18.0
127K22,11,0.8541666666666666,18.0
128K27,1,0.6875,18.0
128K27,2,0.7708333333333334,18.0
128K27,3,0.6458333333333334,18.0
128K27,4,0.6458333333333334,18.0
128K27,5,0.7708333333333334,18.0
128K27,6,0.7083333333333334,18.0
128K27,7,0.875,18.0
128K27,8,0.7708333333333334,18.0
128K27,9,0.8333333333333334,18.0
128K27,10,0.7916666666666666,18.0
128K27,11,0.7291666666666666,18.0
129M29,1,0.9375,18.0
129M29,2,0.875,17.0
129M29,3,0.9583333333333334,17.0
129M29,4,0.9583333333333334,16.0
129M29,5,0.9375,15.0
129M29,6,0.9375,15.0
129M29,7,0.9375,15.0
129M29,8,0.8541666666666666,15.0
129M29,9,0.8333333333333334,15.0
129M29,10,0.8333333333333334,15.0
129M29,11,0.8125,15.0
12M22,1,0.4375,18.0
12M22,2,0.4583333333333333,19.0
12M22,3,0.6666666666666666,20.0
12M22,4,0.75,20.0
12M22,5,0.7291666666666666,20.0
12M22,6,0.75,20.0
12M22,7,0.8541666666666666,20.0
12M22,8,0.875,20.0
12M22,9,0.7916666666666666,20.0
12M22,10,0.9375,20.0
12M22,11,0.875,19.0
130M22,1,0.75,18.0
130M22,2,0.8333333333333334,18.0
130M22,3,0.875,18.0
130M22,4,0.7916666666666666,18.0
130M22,5,0.75,18.0
130M22,6,0.7916666666666666,18.0
130M22,7,0.6666666666666666,18.0
130M22,8,0.8333333333333334,18.0
130M22,9,0.6666666666666666,18.0
130M22,10,0.8125,18.0
130M22,11,0.7291666666666666,18.0
131M20,1,0.875,18.0
131M20,2,0.8125,18.0
131M20,3,0.8333333333333334,18.0
131M20,4,0.875,18.0
131M20,5,0.8541666666666666,18.0
131M20,6,0.9791666666666666,18.0
131M20,7,0.9583333333333334,17.0
131M20,8,0.9166666666666666,16.0
131M20,9,0.8125,15.0
131M20,10,0.9166666666666666,15.0
131M20,11,0.8125,15.0
132K22,1,1.0,18.0
132K22,2,0.9375,17.0
132K22,3,0.9375,16.0
132K22,4,0.9375,15.0
132K22,5,0.9791666666666666,15.0
132K22,6,0.9375,15.0
132K22,7,0.9583333333333334,15.0
132K22,8,0.9583333333333334,15.0
132K22,9,0.9375,15.0
132K22,10,0.9791666666666666,15.0
132K22,11,1.0,15.0
133K23,1,0.8333333333333334,18.0
133K23,2,0.6875,18.0
133K23,3,0.6458333333333334,18.0
133K23,4,0.7916666666666666,18.0
133K23,5,0.5833333333333334,18.0
133K23,6,0.6666666666666666,19.0
133K23,7,0.6875,19.0
133K23,8,0.7083333333333334,19.0
133K23,9,0.6875,19.0
133K23,10,0.8125,19.0
133K23,11,0.8333333333333334,19.0
134M23,1,1.0,18.0
134M23,2,0.9166666666666666,17.0
134M23,3,0.9375,16.0
134M23,4,0.8541666666666666,15.0
134M23,5,0.9166666666666666,15.0
134M23,6,0.7708333333333334,15.0
134M23,7,0.8333333333333334,15.0
134M23,8,0.8333333333333334,15.0
134M23,9,0.9375,15.0
134M23,10,0.8125,15.0
134M23,11,0.8541666666666666,15.0
135K27,1,0.8541666666666666,18.0
135K27,2,0.7291666666666666,18.0
135K27,3,0.7083333333333334,18.0
135K27,4,0.7708333333333334,18.0
135K27,5,0.7083333333333334,18.0
135K27,6,0.6666666666666666,18.0
135K27,7,0.6458333333333334,18.0
135K27,8,0.6041666666666666,18.0
135K27,9,0.7083333333333334,18.0
135K27,10,0.7291666666666666,18.0
135K27,11,0.7291666666666666,18.0
136K22,1,0.5208333333333334,18.0
136K22,2,0.7708333333333334,19.0
136K22,3,0.6041666666666666,19.0
136K22,4,0.7083333333333334,19.0
136K22,5,0.6041666666666666,19.0
136K22,6,0.7083333333333334,19.0
136K22,7,0.7708333333333334,19.0
136K22,8,0.7708333333333334,19.0
136K22,9,0.7291666666666666,19.0
136K22,10,0.7708333333333334,19.0
136K22,11,0.8958333333333334,19.0
137K28,1,0.6458333333333334,18.0
137K28,2,0.7708333333333334,18.0
137K28,3,0.8125,18.0
137K28,4,0.8125,18.0
137K28,5,0.7083333333333334,18.0
137K28,6,0.7916666666666666,18.0
137K28,7,0.9166666666666666,18.0
137K28,8,0.625,17.0
137K28,9,0.5,17.0
137K28,10,0.6458333333333334,18.0
137K28,11,0.6458333333333334,18.0
138M21,1,0.7916666666666666,18.0
138M21,2,0.8958333333333334,18.0
138M21,3,0.7083333333333334,18.0
138M21,4,0.6458333333333334,18.0
138M21,5,0.625,18.0
138M21,6,0.7916666666666666,18.0
138M21,7,0.6041666666666666,18.0
138M21,8,0.4583333333333333,18.0
138M21,9,0.2708333333333333,19.0
138M21,10,0.5416666666666666,20.0
138M21,11,0.22916666666666666,21.0
139M18,1,0.8333333333333334,18.0
139M18,2,0.875,18.0
139M18,3,0.7291666666666666,18.0
139M18,4,0.6666666666666666,18.0
139M18,5,0.7083333333333334,18.0
139M18,6,0.8125,18.0
139M18,7,0.8541666666666666,18.0
139M18,8,0.7708333333333334,18.0
139M18,9,0.9166666666666666,18.0
139M18,10,0.8333333333333334,17.0
139M18,11,0.8333333333333334,17.0
140M21,1,0.6666666666666666,18.0
140M21,2,0.5,18.0
140M21,3,0.5625,19.0
140M21,4,0.75,20.0
140M21,5,0.625,20.0
140M21,6,0.6666666666666666,20.0
140M21,7,0.7916666666666666,20.0
140M21,8,0.75,20.0
140M21,9,0.5416666666666666,20.0
140M21,10,0.7291666666666666,21.0
140M21,11,0.7291666666666666,21.0
141K20,1,0.6666666666666666,18.0
141K20,2,0.4791666666666667,18.0
141K20,3,0.7291666666666666,19.0
141K20,4,0.6875,19.0
141K20,5,0.5208333333333334,19.0
141K20,6,0.7708333333333334,20.0
141K20,7,0.7916666666666666,20.0
141K20,8,0.8958333333333334,20.0
141K20,9,0.875,20.0
141K20,10,0.875,20.0
141K20,11,0.8333333333333334,20.0
142K20,1,0.8541666666666666,18.0
142K20,2,0.6041666666666666,18.0
142K20,3,0.75,18.0
142K20,4,0.6041666666666666,18.0
142K20,5,0.7708333333333334,18.0
142K20,6,0.75,18.0
142K20,7,0.8333333333333334,18.0
142K20,8,0.625,18.0
142K20,9,0.7708333333333334,18.0
142K20,10,0.75,18.0
142K20,11,0.7083333333333334,18.0
143K20,1,0.6875,18.0
143K20,2,0.6875,18.0
143K20,3,0.6875,18.0
143K20,4,0.7916666666666666,18.0
143K20,5,0.8541666666666666,18.0
143K20,6,0.875,18.0
143K20,7,0.8541666666666666,18.0
143K20,8,0.875,18.0
143K20,9,0.8333333333333334,18.0
143K20,10,0.9583333333333334,18.0
143K20,11,0.8125,17.0
144K21,1,0.8125,18.0
144K21,2,0.6041666666666666,18.0
144K21,3,0.7083333333333334,18.0
144K21,4,0.8125,18.0
144K21,5,0.7291666666666666,18.0
144K21,6,0.7708333333333334,18.0
144K21,7,0.7708333333333334,18.0
144K21,8,0.7291666666666666,18.0
144K21,9,0.7916666666666666,18.0
144K21,10,0.8125,18.0
144K21,11,0.8333333333333334,18.0
145K21,1,0.7083333333333334,18.0
145K21,2,0.8125,18.0
145K21,3,0.875,18.0
145K21,4,0.75,18.0
145K21,5,0.8541666666666666,18.0
145K21,6,0.75,18.0
145K21,7,0.7083333333333334,18.0
145K21,8,0.7916666666666666,18.0
145K21,9,0.625,18.0
145K21,10,0.7291666666666666,18.0
145K21,11,0.6666666666666666,18.0
146M21,1,0.7083333333333334,18.0
146M21,2,0.75,18.0
146M21,3,0.8125,18.0
146M21,4,0.7916666666666666,18.0
146M21,5,0.8333333333333334,18.0
146M21,6,0.9166666666666666,18.0
146M21,7,0.8333333333333334,17.0
146M21,8,0.8333333333333334,17.0
146M21,9,0.8125,17.0
146M21,10,0.8125,17.0
146M21,11,0.7291666666666666,17.0
147K25,1,0.75,18.0
147K25,2,0.625,18.0
147K25,3,0.6875,18.0
147K25,4,0.8333333333333334,18.0
147K25,5,0.6458333333333334,18.0
147K25,6,0.5416666666666666,18.0
147K25,7,0.7083333333333334,19.0
147K25,8,0.6666666666666666,19.0
147K25,9,0.625,19.0
147K25,10,0.8125,19.0
147K25,11,0.5416666666666666,19.0
148M29,1,0.8333333333333334,18.0
148M29,2,0.7916666666666666,18.0
148M29,3,0.7291666666666666,18.0
148M29,4,0.75,18.0
148M29,5,0.7083333333333334,18.0
148M29,6,0.6458333333333334,18.0
148M29,7,0.6458333333333334,18.0
148M29,8,0.6875,18.0
148M29,9,0.5833333333333334,18.0
148M29,10,0.625,19.0
148M29,11,0.7083333333333334,19.0
149K25,1,0.5208333333333334,18.0
149K25,2,0.625,19.0
149K25,3,0.5625,19.0
149K25,4,0.6458333333333334,20.0
149K25,5,0.7708333333333334,20.0
149K25,6,0.7916666666666666,20.0
149K25,7,0.7708333333333334,20.0
149K25,8,0.5833333333333334,20.0
149K25,9,0.7083333333333334,21.0
149K25,10,0.6875,21.0
149K25,11,0.5833333333333334,21.0
14K19,1,0.875,18.0
14K19,2,0.8333333333333334,18.0
14K19,3,0.7291666666666666,18.0
14K19,4,0.7708333333333334,18.0
14K19,5,0.7916666666666666,18.0
14K19,6,0.8333333333333334,18.0
14K19,7,0.8958333333333334,18.0
14K19,8,0.9375,18.0
14K19,9,0.7291666666666666,17.0
14K19,10,0.8541666666666666,17.0
14K19,11,0.8541666666666666,17.0
150K31,1,0.6666666666666666,18.0
150K31,2,0.5833333333333334,18.0
150K31,3,0.75,19.0
150K31,4,0.6458333333333334,19.0
150K31,5,0.5833333333333334,19.0
150K31,6,0.5833333333333334,20.0
150K31,7,0.5625,21.0
150K31,8,0.5208333333333334,21.0
150K31,9,0.5,21.0
150K31,10,0.625,21.0
150K31,11,0.6041666666666666,21.0
151K25,1,0.8125,18.0
151K25,2,0.7291666666666666,18.0
151K25,3,0.7708333333333334,18.0
151K25,4,0.7708333333333334,18.0
151K25,5,0.8125,18.0
151K25,6,0.75,18.0
151K25,7,0.7708333333333334,18.0
151K25,8,0.8125,18.0
151K25,9,0.7083333333333334,18.0
151K25,10,0.5208333333333334,18.0
151K25,11,0.8125,19.0
15K25,1,0.6458333333333334,18.0
15K25,2,0.7708333333333334,18.0
15K25,3,0.625,18.0
15K25,4,0.6875,18.0
15K25,5,0.5625,18.0
15K25,6,0.5833333333333334,19.0
15K25,7,0.6041666666666666,20.0
15K25,8,0.75,20.0
15K25,9,0.7083333333333334,20.0
15K25,10,0.6666666666666666,20.0
15K25,11,0.7291666666666666,20.0
16K23,1,0.75,18.0
16K23,2,0.8125,18.0
16K23,3,0.7916666666666666,18.0
16K23,4,0.625,18.0
16K23,5,0.6666666666666666,18.0
16K23,6,0.6041666666666666,18.0
16K23,7,0.6875,18.0
16K23,8,0.6666666666666666,18.0
16K23,9,0.7916666666666666,18.0
16K23,10,0.7291666666666666,18.0
16K23,11,0.5833333333333334,18.0
17M21,1,0.9375,18.0
17M21,2,0.8333333333333334,17.0
17M21,3,0.8541666666666666,17.0
17M21,4,0.8333333333333334,17.0
17M21,5,0.8125,17.0
17M21,6,0.75,17.0
17M21,7,0.8958333333333334,17.0
17M21,8,0.9166666666666666,17.0
17M21,9,0.8958333333333334,16.0
17M21,10,0.8333333333333334,16.0
17M21,11,0.875,16.0
18K18,1,0.8541666666666666,18.0
18K18,2,0.8541666666666666,18.0
18K18,3,0.8333333333333334,18.0
18K18,4,0.9375,18.0
18K18,5,0.9166666666666666,17.0
18K18,6,0.8125,16.0
18K18,7,0.9166666666666666,16.0
18K18,8,0.8125,15.0
18K18,9,0.8333333333333334,15.0
18K18,10,0.6666666666666666,15.0
18K18,11,0.8333333333333334,15.0
19K25,1,0.8541666666666666,18.0
19K25,2,0.875,18.0
19K25,3,0.9166666666666666,18.0
19K25,4,0.9166666666666666,17.0
19K25,5,0.8125,16.0
19K25,6,0.9166666666666666,16.0
19K25,7,0.7708333333333334,15.0
19K25,8,0.6875,15.0
19K25,9,0.8333333333333334,15.0
19K25,10,0.8958333333333334,15.0
19K25,11,0.8541666666666666,15.0
20K19,1,0.9375,18.0
20K19,2,0.8541666666666666,17.0
20K19,3,0.75,17.0
20K19,4,0.7916666666666666,17.0
20K19,5,0.8125,17.0
20K19,6,0.6666666666666666,17.0
20K19,7,0.6458333333333334,17.0
20K19,8,0.7916666666666666,17.0
20K19,9,0.6875,17.0
20K19,10,0.6666666666666666,17.0
20K19,11,0.875,17.0
21K25,1,0.625,18.0
21K25,2,0.6875,18.0
21K25,3,0.6458333333333334,18.0
21K25,4,0.625,18.0
21K25,5,0.5416666666666666,18.0
21K25,6,0.5625,19.0
21K25,7,0.6666666666666666,20.0
21K25,8,0.6041666666666666,20.0
21K25,9,0.5,20.0
21K25,10,0.7708333333333334,21.0
21K25,11,0.5208333333333334,21.0
22M27,1,0.8125,18.0
22M27,2,0.7916666666666666,18.0
22M27,3,0.9791666666666666,18.0
22M27,4,0.9791666666666666,17.0
22M27,5,0.8541666666666666,16.0
22M27,6,0.75,16.0
22M27,7,0.7083333333333334,16.0
22M27,8,0.5625,16.0
22M27,9,0.7916666666666666,17.0
22M27,10,0.8125,17.0
22M27,11,0.8333333333333334,17.0
23K28,1,0.7708333333333334,18.0
23K28,2,0.8125,18.0
23K28,3,0.6666666666666666,18.0
23K28,4,0.4791666666666667,18.0
23K28,5,0.5625,19.0
23K28,6,0.75,20.0
23K28,7,0.8541666666666666,20.0
23K28,8,0.7708333333333334,20.0
23K28,9,0.6875,20.0
23K28,10,0.7083333333333334,20.0
23K28,11,0.6458333333333334,20.0
24K25,1,0.7083333333333334,18.0
24K25,2,0.7708333333333334,18.0
24K25,3,0.6875,18.0
24K25,4,0.6041666666666666,18.0
24K25,5,0.625,18.0
24K25,6,0.625,18.0
24K25,7,0.5,18.0
24K25,8,0.7291666666666666,19.0
24K25,9,0.7291666666666666,19.0
24K25,10,0.6666666666666666,19.0
24K25,11,0.7083333333333334,19.0
25M34,1,0.625,18.0
25M34,2,0.5,18.0
25M34,3,0.5833333333333334,19.0
25M34,4,0.7083333333333334,20.0
25M34,5,0.5416666666666666,20.0
25M34,6,0.625,21.0
25M34,7,0.6875,21.0
25M34,8,0.6458333333333334,21.0
25M34,9,0.75,21.0
25M34,10,0.6458333333333334,21.0
25M34,11,0.6875,21.0
26K19,1,0.9166666666666666,18.0
26K19,2,0.7708333333333334,17.0
26K19,3,0.9166666666666666,17.0
26K19,4,0.8541666666666666,16.0
26K19,5,0.875,16.0
26K19,6,0.8958333333333334,16.0
26K19,7,1.0,16.0
26K19,8,0.875,15.0
26K19,9,0.9375,15.0
26K19,10,0.9583333333333334,15.0
26K19,11,0.9166666666666666,15.0
27M22,1,0.9583333333333334,18.0
27M22,2,0.8541666666666666,17.0
27M22,3,0.8541666666666666,17.0
27M22,4,0.8541666666666666,17.0
27M22,5,0.9375,17.0
27M22,6,0.875,16.0
27M22,7,1.0,16.0
27M22,8,0.875,15.0
27M22,9,0.9583333333333334,15.0
27M22,10,0.9375,15.0
27M22,11,0.9791666666666666,15.0
28K24,1,0.20833333333333334,18.0
28K24,2,0.3125,19.0
28K24,3,0.4791666666666667,20.0
28K24,4,0.5625,21.0
28K24,5,0.5416666666666666,21.0
28K24,6,0.5625,21.0
28K24,7,0.4166666666666667,21.0
28K24,8,0.5,21.0
28K24,9,0.4791666666666667,21.0
28K24,10,0.3333333333333333,21.0
28K24,11,0.625,21.0
29M20,1,0.9791666666666666,18.0
29M20,2,0.7916666666666666,17.0
29M20,3,0.9166666666666666,17.0
29M20,4,0.8333333333333334,16.0
29M20,5,0.8333333333333334,16.0
29M20,6,0.8958333333333334,16.0
29M20,7,0.75,16.0
29M20,8,0.8333333333333334,16.0
29M20,9,0.9375,16.0
29M20,10,0.7916666666666666,15.0
29M20,11,0.8125,15.0
30K29,1,0.4375,18.0
30K29,2,0.75,19.0
30K29,3,0.625,19.0
30K29,4,0.7916666666666666,19.0
30K29,5,0.625,19.0
30K29,6,0.7083333333333334,19.0
30K29,7,0.5833333333333334,19.0
30K29,8,0.6666666666666666,20.0
30K29,9,0.8958333333333334,20.0
30K29,10,0.7916666666666666,20.0
30K29,11,0.9166666666666666,20.0
31K25,1,0.8541666666666666,18.0
31K25,2,0.8958333333333334,18.0
31K25,3,0.9166666666666666,18.0
31K25,4,0.875,17.0
31K25,5,0.9375,17.0
31K25,6,0.875,16.0
31K25,7,0.8541666666666666,16.0
31K25,8,0.8333333333333334,16.0
31K25,9,0.9375,16.0
31K25,10,0.8541666666666666,15.0
31K25,11,0.8125,15.0
32M29,1,0.9375,18.0
32M29,2,0.9375,17.0
32M29,3,0.875,16.0
32M29,4,0.8333333333333334,16.0
32M29,5,0.9375,16.0
32M29,6,0.9375,15.0
32M29,7,0.9166666666666666,15.0
32M29,8,0.8333333333333334,15.0
32M29,9,0.8958333333333334,15.0
32M29,10,0.9166666666666666,15.0
32M29,11,0.8958333333333334,15.0
33K20,1,0.75,18.0
33K20,2,0.9375,18.0
33K20,3,0.8333333333333334,17.0
33K20,4,0.8333333333333334,17.0
33K20,5,0.7083333333333334,17.0
33K20,6,0.9583333333333334,17.0
33K20,7,0.7083333333333334,16.0
33K20,8,0.75,16.0
33K20,9,0.8125,16.0
33K20,10,0.75,16.0
33K20,11,0.8333333333333334,16.0
34K22,1,0.8958333333333334,18.0
34K22,2,0.8541666666666666,18.0
34K22,3,0.9166666666666666,18.0
34K22,4,0.8125,17.0
34K22,5,0.8125,17.0
34K22,6,0.875,17.0
34K22,7,0.75,17.0
34K22,8,0.875,17.0
34K22,9,0.8541666666666666,17.0
34K22,10,0.8125,17.0
34K22,11,0.8541666666666666,17.0
35K26,1,0.8125,18.0
35K26,2,0.6458333333333334,18.0
35K26,3,0.5,18.0
35K26,4,0.4791666666666667,19.0
35K26,5,0.6458333333333334,20.0
35K26,6,0.6458333333333334,20.0
35K26,7,0.7083333333333334,20.0
35K26,8,0.7083333333333334,20.0
35K26,9,0.7916666666666666,20.0
35K26,10,0.75,20.0
35K26,11,0.75,20.0
36K20,1,0.8541666666666666,18.0
36K20,2,0.6666666666666666,18.0
36K20,3,0.6666666666666666,18.0
36K20,4,0.5625,18.0
36K20,5,0.7916666666666666,19.0
36K20,6,0.9166666666666666,19.0
36K20,7,0.6666666666666666,18.0
36K20,8,0.625,18.0
36K20,9,0.6458333333333334,18.0
36K20,10,0.6041666666666666,18.0
36K20,11,0.5208333333333334,18.0
37K24,1,0.8125,18.0
37K24,2,0.8958333333333334,18.0
37K24,3,0.75,18.0
37K24,4,0.9166666666666666,18.0
37K24,5,0.875,17.0
37K24,6,0.8541666666666666,17.0
37K24,7,0.8541666666666666,17.0
37K24,8,0.7916666666666666,17.0
37K24,9,0.875,17.0
37K24,10,0.9375,17.0
37K24,11,0.8958333333333334,16.0
38M23,1,0.9166666666666666,18.0
38M23,2,0.8333333333333334,17.0
38M23,3,0.9166666666666666,17.0
38M23,4,0.7916666666666666,16.0
38M23,5,0.6875,16.0
38M23,6,0.75,16.0
38M23,7,0.6666666666666666,16.0
38M23,8,0.75,16.0
38M23,9,0.7708333333333334,16.0
38M23,10,0.625,16.0
38M23,11,0.5833333333333334,16.0
39K22,1,0.9375,18.0
39K22,2,0.9375,17.0
39K22,3,0.875,16.0
39K22,4,0.9166666666666666,16.0
39K22,5,0.8333333333333334,15.0
39K22,6,0.7708333333333334,15.0
39K22,7,0.9166666666666666,15.0
39K22,8,0.7291666666666666,15.0
39K22,9,0.7708333333333334,15.0
39K22,10,0.7291666666666666,15.0
39K22,11,0.8958333333333334,15.0
40K24,1,0.8333333333333334,18.0
40K24,2,0.8125,18.0
40K24,3,0.8958333333333334,18.0
40K24,4,0.7291666666666666,18.0
40K24,5,0.8541666666666666,18.0
40K24,6,0.6458333333333334,18.0
40K24,7,0.8333333333333334,18.0
40K24,8,0.8333333333333334,18.0
40K24,9,0.7916666666666666,18.0
40K24,10,0.8541666666666666,18.0
40K24,11,0.9166666666666666,18.0
41K19,1,0.75,18.0
41K19,2,0.7916666666666666,18.0
41K19,3,0.7708333333333334,18.0
41K19,4,0.8125,18.0
41K19,5,0.6875,18.0
41K19,6,0.75,18.0
41K19,7,0.7083333333333334,18.0
41K19,8,0.7083333333333334,18.0
41K19,9,0.8125,18.0
41K19,10,0.8125,18.0
41K19,11,0.7291666666666666,18.0
42K18,1,0.875,18.0
42K18,2,0.9166666666666666,18.0
42K18,3,0.8541666666666666,17.0
42K18,4,0.9166666666666666,17.0
42K18,5,0.9166666666666666,16.0
42K18,6,0.7916666666666666,15.0
42K18,7,0.6458333333333334,15.0
42K18,8,0.9166666666666666,15.0
42K18,9,0.7916666666666666,15.0
42K18,10,0.875,15.0
42K18,11,0.7708333333333334,15.0
43K19,1,0.3125,18.0
43K19,2,0.1875,19.0
43K19,3,0.20833333333333334,20.0
43K19,4,0.3333333333333333,21.0
43K19,5,0.22916666666666666,21.0
43K19,6,0.1875,21.0
43K19,7,0.16666666666666666,21.0
43K19,8,0.3125,21.0
43K19,9,0.16666666666666666,21.0
43K19,10,0.2916666666666667,21.0
43K19,11,0.22916666666666666,21.0
44K19,1,0.2708333333333333,18.0
44K19,2,0.2708333333333333,19.0
44K19,3,0.16666666666666666,20.0
44K19,4,0.25,21.0
44K19,5,0.2708333333333333,21.0
44K19,6,0.14583333333333334,21.0
44K19,7,0.125,21.0
44K19,8,0.20833333333333334,21.0
44K19,9,0.25,21.0
44K19,10,0.16666666666666666,21.0
44K19,11,0.16666666666666666,21.0
45M23,1,0.9166666666666666,18.0
45M23,2,0.9166666666666666,17.0
45M23,3,0.7708333333333334,16.0
45M23,4,0.7708333333333334,16.0
45M23,5,0.875,16.0
45M23,6,0.7708333333333334,16.0
45M23,7,0.6041666666666666,16.0
45M23,8,0.4375,16.0
45M23,9,0.5625,17.0
45M23,10,0.6666666666666666,18.0
45M23,11,0.7916666666666666,18.0
46K21,1,0.875,18.0
46K21,2,0.9583333333333334,18.0
46K21,3,0.7708333333333334,17.0
46K21,4,0.8125,17.0
46K21,5,0.7916666666666666,17.0
46K21,6,0.875,17.0
46K21,7,0.8333333333333334,17.0
46K21,8,0.875,17.0
46K21,9,0.875,17.0
46K21,10,0.875,17.0
46K21,11,0.8125,17.0
47K22,1,0.8541666666666666,18.0
47K22,2,0.75,18.0
47K22,3,0.8125,18.0
47K22,4,0.6041666666666666,18.0
47K22,5,0.5208333333333334,18.0
47K22,6,0.375,19.0
47K22,7,0.5416666666666666,20.0
47K22,8,0.5416666666666666,21.0
47K22,9,0.5,21.0
47K22,10,0.3125,21.0
47K22,11,0.375,21.0
48K23,1,0.5833333333333334,18.0
48K23,2,0.6666666666666666,19.0
48K23,3,0.7708333333333334,19.0
48K23,4,0.6041666666666666,19.0
48K23,5,0.7083333333333334,19.0
48K23,6,0.5208333333333334,19.0
48K23,7,0.4583333333333333,20.0
48K23,8,0.5416666666666666,21.0
48K23,9,0.4375,21.0
48K23,10,0.4791666666666667,21.0
48K23,11,0.4791666666666667,21.0
49K22,1,0.8333333333333334,18.0
49K22,2,0.9375,18.0
49K22,3,0.9583333333333334,17.0
49K22,4,0.9166666666666666,16.0
49K22,5,0.8541666666666666,15.0
49K22,6,0.875,15.0
49K22,7,0.875,15.0
49K22,8,0.9375,15.0
49K22,9,0.8958333333333334,15.0
49K22,10,0.9166666666666666,15.0
49K22,11,0.9375,15.0
4K20,1,0.875,18.0
4K20,2,0.9375,18.0
4K20,3,0.8958333333333334,17.0
4K20,4,0.9375,17.0
4K20,5,0.9375,16.0
4K20,6,0.75,15.0
4K20,7,0.8125,15.0
4K20,8,0.8125,15.0
4K20,9,0.7916666666666666,15.0
4K20,10,0.875,15.0
4K20,11,0.7708333333333334,15.0
50M22,1,0.625,18.0
50M22,2,0.4583333333333333,18.0
50M22,3,0.625,19.0
50M22,4,0.6458333333333334,19.0
50M22,5,0.7291666666666666,19.0
50M22,6,0.6666666666666666,19.0
50M22,7,0.6875,19.0
50M22,8,0.5416666666666666,19.0
50M22,9,0.6458333333333334,20.0
50M22,10,0.8541666666666666,20.0
50M22,11,0.8333333333333334,20.0
51K26,1,0.20833333333333334,18.0
51K26,2,0.4375,19.0
51K26,3,0.4583333333333333,20.0
51K26,4,0.3958333333333333,21.0
51K26,5,0.5208333333333334,21.0
51K26,6,0.5208333333333334,21.0
51K26,7,0.5625,21.0
51K26,8,0.3333333333333333,21.0
51K26,9,0.5416666666666666,21.0
51K26,10,0.375,21.0
51K26,11,0.4166666666666667,21.0
52K20,1,0.7083333333333334,18.0
52K20,2,0.7083333333333334,18.0
52K20,3,0.8333333333333334,18.0
52K20,4,0.8333333333333334,18.0
52K20,5,0.7291666666666666,18.0
52K20,6,0.75,18.0
52K20,7,0.8333333333333334,18.0
52K20,8,0.7291666666666666,18.0
52K20,9,0.75,18.0
52K20,10,0.75,18.0
52K20,11,0.7083333333333334,18.0
53K24,1,0.8958333333333334,18.0
53K24,2,0.8958333333333334,18.0
53K24,3,0.9375,18.0
53K24,4,0.8541666666666666,17.0
53K24,5,0.8958333333333334,17.0
53K24,6,0.9166666666666666,17.0
53K24,7,0.8541666666666666,16.0
53K24,8,0.9375,16.0
53K24,9,0.8333333333333334,15.0
53K24,10,0.8125,15.0
53K24,11,0.8541666666666666,15.0
54M22,1,0.7708333333333334,18.0
54M22,2,0.6875,18.0
54M22,3,0.7083333333333334,18.0
54M22,4,0.8541666666666666,18.0
54M22,5,0.8333333333333334,18.0
54M22,6,0.8958333333333334,18.0
54M22,7,0.9375,18.0
54M22,8,0.8541666666666666,17.0
54M22,9,0.8541666666666666,17.0
54M22,10,0.8333333333333334,17.0
54M22,11,0.8333333333333334,17.0
55K22,1,0.75,18.0
55K22,2,0.6875,18.0
55K22,3,0.7708333333333334,18.0
55K22,4,0.8541666666666666,18.0
55K22,5,0.8125,18.0
55K22,6,0.8125,18.0
55K22,7,0.8125,18.0
55K22,8,0.7291666666666666,18.0
55K22,9,0.875,18.0
55K22,10,0.7916666666666666,18.0
55K22,11,0.7916666666666666,18.0
56K21,1,0.5833333333333334,18.0
56K21,2,0.7708333333333334,19.0
56K21,3,0.8125,19.0
56K21,4,0.8125,19.0
56K21,5,0.8333333333333334,19.0
56K21,6,0.8541666666666666,19.0
56K21,7,0.875,19.0
56K21,8,0.8541666666666666,19.0
56K21,9,0.8333333333333334,19.0
56K21,10,0.8541666666666666,19.0
56K21,11,0.8958333333333334,19.0
57K22,1,0.8333333333333334,18.0
57K22,2,0.625,18.0
57K22,3,0.5833333333333334,18.0
57K22,4,0.7916666666666666,19.0
57K22,5,0.7291666666666666,19.0
57K22,6,0.8333333333333334,19.0
57K22,7,0.6458333333333334,19.0
57K22,8,0.7291666666666666,19.0
57K22,9,0.7083333333333334,19.0
57K22,10,0.8333333333333334,19.0
57K22,11,0.6875,19.0
58M30,1,0.7291666666666666,18.0
58M30,2,0.7916666666666666,18.0
58M30,3,0.8125,18.0
58M30,4,0.7708333333333334,18.0
58M30,5,0.8541666666666666,18.0
58M30,6,0.8958333333333334,18.0
58M30,7,0.8333333333333334,18.0
58M30,8,0.8958333333333334,18.0
58M30,9,0.8541666666666666,18.0
58M30,10,0.8333333333333334,18.0
58M30,11,0.8541666666666666,18.0
59K22,1,0.8333333333333334,18.0
59K22,2,0.875,18.0
59K22,3,0.8541666666666666,18.0
59K22,4,0.8333333333333334,18.0
59K22,5,0.7916666666666666,18.0
59K22,6,0.8333333333333334,18.0
59K22,7,0.8958333333333334,18.0
59K22,8,0.75,18.0
59K22,9,0.8541666666666666,18.0
59K22,10,0.8958333333333334,18.0
59K22,11,0.7708333333333334,18.0
5K26,1,0.7916666666666666,18.0
5K26,2,0.8541666666666666,18.0
5K26,3,0.7916666666666666,18.0
5K26,4,0.7708333333333334,18.0
5K26,5,0.7291666666666666,18.0
5K26,6,0.7291666666666666,18.0
5K26,7,0.9166666666666666,18.0
5K26,8,0.8541666666666666,17.0
5K26,9,0.8958333333333334,17.0
5K26,10,0.8125,17.0
5K26,11,0.7708333333333334,17.0
60M21,1,0.9166666666666666,18.0
60M21,2,0.9166666666666666,17.0
60M21,3,0.8541666666666666,16.0
60M21,4,0.7916666666666666,16.0
60M21,5,0.7916666666666666,16.0
60M21,6,0.8541666666666666,16.0
60M21,7,0.8333333333333334,16.0
60M21,8,0.75,16.0
60M21,9,0.7916666666666666,16.0
60M21,10,0.75,16.0
60M21,11,0.6875,16.0
61M21,1,0.9375,18.0
61M21,2,0.875,17.0
61M21,3,0.9583333333333334,17.0
61M21,4,0.9583333333333334,16.0
61M21,5,0.7916666666666666,15.0
61M21,6,0.8541666666666666,15.0
61M21,7,0.875,15.0
61M21,8,0.8333333333333334,15.0
61M21,9,0.9375,15.0
61M21,10,0.9375,15.0
61M21,11,0.875,15.0
62K28,1,0.5416666666666666,18.0
62K28,2,0.6666666666666666,19.0
62K28,3,0.7708333333333334,19.0
62K28,4,0.7083333333333334,19.0
62K28,5,0.7083333333333334,19.0
62K28,6,0.6666666666666666,19.0
62K28,7,0.6666666666666666,19.0
62K28,8,0.75,19.0
62K28,9,0.6666666666666666,19.0
62K28,10,0.6041666666666666,19.0
62K28,11,0.625,19.0
63K25,1,0.6458333333333334,18.0
63K25,2,0.6875,18.0
63K25,3,0.75,18.0
63K25,4,0.7916666666666666,18.0
63K25,5,0.8125,18.0
63K25,6,0.9166666666666666,18.0
63K25,7,0.7291666666666666,17.0
63K25,8,0.75,17.0
63K25,9,0.7916666666666666,17.0
63K25,10,0.7708333333333334,17.0
63K25,11,0.7708333333333334,17.0
64K20,1,0.6458333333333334,18.0
64K20,2,0.8125,18.0
64K20,3,0.8125,18.0
64K20,4,0.8125,18.0
64K20,5,0.8541666666666666,18.0
64K20,6,0.8958333333333334,18.0
64K20,7,0.8333333333333334,18.0
64K20,8,0.875,18.0
64K20,9,0.8333333333333334,18.0
64K20,10,0.875,18.0
64K20,11,0.7916666666666666,18.0
65K18,1,0.7708333333333334,18.0
65K18,2,0.8958333333333334,18.0
65K18,3,0.8541666666666666,18.0
65K18,4,0.875,18.0
65K18,5,0.8541666666666666,18.0
65K18,6,0.8333333333333334,18.0
65K18,7,0.75,18.0
65K18,8,0.8333333333333334,18.0
65K18,9,0.8125,18.0
65K18,10,0.9791666666666666,18.0
65K18,11,0.9166666666666666,17.0
66M19,1,0.7083333333333334,18.0
66M19,2,0.7083333333333334,18.0
66M19,3,0.6458333333333334,18.0
66M19,4,0.8958333333333334,18.0
66M19,5,0.75,18.0
66M19,6,0.8333333333333334,18.0
66M19,7,0.75,18.0
66M19,8,0.875,18.0
66M19,9,0.8333333333333334,18.0
66M19,10,0.75,18.0
66M19,11,0.8333333333333334,18.0
67K32,1,0.9791666666666666,18.0
67K32,2,0.7916666666666666,17.0
67K32,3,0.8333333333333334,17.0
67K32,4,0.6875,17.0
67K32,5,0.7291666666666666,17.0
67K32,6,0.6458333333333334,17.0
67K32,7,0.6666666666666666,17.0
67K32,8,0.75,17.0
67K32,9,0.7708333333333334,17.0
67K32,10,0.7916666666666666,17.0
67K32,11,0.625,17.0
68M27,1,0.9791666666666666,18.0
68M27,2,0.7291666666666666,17.0
68M27,3,0.7916666666666666,17.0
68M27,4,0.8541666666666666,17.0
68M27,5,0.9375,17.0
68M27,6,0.8125,16.0
68M27,7,0.75,16.0
68M27,8,0.6666666666666666,16.0
68M27,9,0.7083333333333334,16.0
68M27,10,0.7708333333333334,16.0
68M27,11,0.875,16.0
69K21,1,0.7291666666666666,18.0
69K21,2,0.7083333333333334,18.0
69K21,3,0.7916666666666666,18.0
69K21,4,0.75,18.0
69K21,5,0.6458333333333334,18.0
69K21,6,0.6458333333333334,18.0
69K21,7,0.75,18.0
69K21,8,0.6041666666666666,18.0
69K21,9,0.5833333333333334,18.0
69K21,10,0.75,19.0
69K21,11,0.7083333333333334,19.0
6K28,1,0.5833333333333334,18.0
6K28,2,0.3541666666666667,19.0
6K28,3,0.4583333333333333,20.0
6K28,4,0.6041666666666666,21.0
6K28,5,0.5416666666666666,21.0
6K28,6,0.5416666666666666,21.0
6K28,7,0.5625,21.0
6K28,8,0.4583333333333333,21.0
6K28,9,0.4791666666666667,21.0
6K28,10,0.5416666666666666,21.0
6K28,11,0.5833333333333334,21.0
70M21,1,0.8541666666666666,18.0
70M21,2,0.9583333333333334,18.0
70M21,3,0.6666666666666666,17.0
70M21,4,0.8125,17.0
70M21,5,0.875,17.0
70M21,6,0.7083333333333334,17.0
70M21,7,0.8125,17.0
70M21,8,0.7708333333333334,17.0
70M21,9,0.8541666666666666,17.0
70M21,10,0.75,17.0
70M21,11,0.7708333333333334,17.0
71K27,1,0.7708333333333334,18.0
71K27,2,0.5416666666666666,18.0
71K27,3,0.7291666666666666,19.0
71K27,4,0.8541666666666666,19.0
71K27,5,0.8541666666666666,19.0
71K27,6,0.8333333333333334,19.0
71K27,7,0.875,19.0
71K27,8,0.7291666666666666,19.0
71K27,9,0.8125,19.0
71K27,10,0.625,19.0
71K27,11,0.75,19.0
72K20,1,0.75,18.0
72K20,2,0.7083333333333334,18.0
72K20,3,0.8125,18.0
72K20,4,0.7291666666666666,18.0
72K20,5,0.7708333333333334,18.0
72K20,6,0.625,18.0
72K20,7,0.6458333333333334,18.0
72K20,8,0.6875,18.0
72K20,9,0.8125,18.0
72K20,10,0.5625,18.0
72K20,11,0.7291666666666666,19.0
73M21,1,0.9375,18.0
73M21,2,1.0,17.0
73M21,3,0.9583333333333334,16.0
73M21,4,0.9375,15.0
73M21,5,0.9166666666666666,15.0
73M21,6,0.8958333333333334,15.0
73M21,7,0.9375,15.0
73M21,8,0.9166666666666666,15.0
73M21,9,0.875,15.0
73M21,10,0.8958333333333334,15.0
73M21,11,0.9583333333333334,15.0
74K26,1,0.5416666666666666,18.0
74K26,2,0.7708333333333334,19.0
74K26,3,0.875,19.0
74K26,4,0.6666666666666666,19.0
74K26,5,0.7083333333333334,19.0
74K26,6,0.7291666666666666,19.0
74K26,7,0.625,19.0
74K26,8,0.6875,19.0
74K26,9,0.7083333333333334,19.0
74K26,10,0.6666666666666666,19.0
74K26,11,0.7291666666666666,19.0
75K22,1,0.8958333333333334,18.0
75K22,2,0.75,18.0
75K22,3,0.8125,18.0
75K22,4,0.6875,18.0
75K22,5,0.5625,18.0
75K22,6,0.7083333333333334,19.0
75K22,7,0.7708333333333334,19.0
75K22,8,0.7291666666666666,19.0
75K22,9,0.6458333333333334,19.0
75K22,10,0.8541666666666666,19.0
75K22,11,0.8541666666666666,19.0
76M25,1,0.8125,18.0
76M25,2,0.875,18.0
76M25,3,0.8333333333333334,18.0
76M25,4,0.875,18.0
76M25,5,0.9375,18.0
76M25,6,0.9375,17.0
76M25,7,0.9375,16.0
76M25,8,0.8333333333333334,15.0
76M25,9,0.8125,15.0
76M25,10,0.8958333333333334,15.0
76M25,11,0.9791666666666666,15.0
77K30,1,0.8958333333333334,18.0
77K30,2,0.8541666666666666,18.0
77K30,3,0.875,18.0
77K30,4,0.9166666666666666,18.0
77K30,5,0.75,17.0
77K30,6,0.7708333333333334,17.0
77K30,7,0.7916666666666666,17.0
77K30,8,0.8541666666666666,17.0
77K30,9,0.8125,17.0
77K30,10,0.8541666666666666,17.0
77K30,11,0.8541666666666666,17.0
78K22,1,0.7916666666666666,18.0
78K22,2,0.7916666666666666,18.0
78K22,3,0.7083333333333334,18.0
78K22,4,0.5625,18.0
78K22,5,0.9166666666666666,19.0
78K22,6,0.875,18.0
78K22,7,0.8125,18.0
78K22,8,0.8958333333333334,18.0
78K22,9,0.9583333333333334,18.0
78K22,10,0.8333333333333334,17.0
78K22,11,0.9166666666666666,17.0
79M24,1,0.7291666666666666,18.0
79M24,2,0.5208333333333334,18.0
79M24,3,0.5,19.0
79M24,4,0.6666666666666666,20.0
79M24,5,0.7708333333333334,20.0
79M24,6,0.5,20.0
79M24,7,0.8958333333333334,21.0
79M24,8,0.7083333333333334,21.0
79M24,9,0.6875,21.0
79M24,10,0.7291666666666666,21.0
79M24,11,0.7708333333333334,21.0
7M25,1,0.6041666666666666,18.0
7M25,2,0.7291666666666666,18.0
7M25,3,0.5208333333333334,18.0
7M25,4,0.5625,19.0
7M25,5,0.4375,20.0
7M25,6,0.5208333333333334,21.0
7M25,7,0.3125,21.0
7M25,8,0.2916666666666667,21.0
7M25,9,0.3333333333333333,21.0
7M25,10,0.20833333333333334,21.0
7M25,11,0.3333333333333333,21.0
80K22,1,0.7083333333333334,18.0
80K22,2,0.6666666666666666,18.0
80K22,3,0.6666666666666666,18.0
80K22,4,0.7083333333333334,18.0
80K22,5,0.75,18.0
80K22,6,0.7916666666666666,18.0
80K22,7,0.6458333333333334,18.0
80K22,8,0.6458333333333334,18.0
80K22,9,0.6458333333333334,18.0
80K22,10,0.625,18.0
80K22,11,0.6458333333333334,18.0
81M21,1,0.625,18.0
81M21,2,0.7291666666666666,18.0
81M21,3,0.6875,18.0
81M21,4,0.6041666666666666,18.0
81M21,5,0.7708333333333334,18.0
81M21,6,0.7083333333333334,18.0
81M21,7,0.75,18.0
81M21,8,0.5416666666666666,18.0
81M21,9,0.7083333333333334,19.0
81M21,10,0.625,19.0
81M21,11,0.7291666666666666,19.0
82K25,1,0.875,18.0
82K25,2,0.8541666666666666,18.0
82K25,3,0.75,18.0
82K25,4,0.7083333333333334,18.0
82K25,5,0.8541666666666666,18.0
82K25,6,0.8958333333333334,18.0
82K25,7,0.875,18.0
82K25,8,0.8958333333333334,18.0
82K25,9,0.8541666666666666,18.0
82K25,10,0.8333333333333334,18.0
82K25,11,0.8541666666666666,18.0
83M19,1,0.9166666666666666,18.0
83M19,2,0.8958333333333334,17.0
83M19,3,0.8958333333333334,17.0
83M19,4,0.7708333333333334,17.0
83M19,5,0.8958333333333334,17.0
83M19,6,0.8541666666666666,17.0
83M19,7,0.9791666666666666,17.0
83M19,8,0.7916666666666666,16.0
83M19,9,0.8958333333333334,16.0
83M19,10,0.8541666666666666,16.0
83M19,11,0.8333333333333334,16.0
84M20,1,0.5625,18.0
84M20,2,0.5208333333333334,19.0
84M20,3,0.6041666666666666,20.0
84M20,4,0.75,20.0
84M20,5,0.6666666666666666,20.0
84M20,6,0.6041666666666666,20.0
84M20,7,0.75,20.0
84M20,8,0.6875,20.0
84M20,9,0.7291666666666666,20.0
84M20,10,0.6666666666666666,20.0
84M20,11,0.75,20.0
85M26,1,0.7291666666666666,18.0
85M26,2,0.7916666666666666,18.0
85M26,3,0.75,18.0
85M26,4,0.8541666666666666,18.0
85M26,5,0.875,18.0
85M26,6,0.75,18.0
85M26,7,0.8958333333333334,18.0
85M26,8,0.875,18.0
85M26,9,0.75,18.0
85M26,10,0.9166666666666666,18.0
85M26,11,0.8125,17.0
86K20,1,0.625,18.0
86K20,2,0.6875,18.0
86K20,3,0.5208333333333334,18.0
86K20,4,0.6875,19.0
86K20,5,0.6875,19.0
86K20,6,0.4791666666666667,19.0
86K20,7,0.4583333333333333,20.0
86K20,8,0.6041666666666666,21.0
86K20,9,0.4791666666666667,21.0
86K20,10,0.5208333333333334,21.0
86K20,11,0.5416666666666666,21.0
87K19,1,0.2708333333333333,18.0
87K19,2,0.3125,19.0
87K19,3,0.2708333333333333,20.0
87K19,4,0.2916666666666667,21.0
87K19,5,0.10416666666666667,21.0
87K19,6,0.22916666666666666,21.0
87K19,7,0.2916666666666667,21.0
87K19,8,0.22916666666666666,21.0
87K19,9,0.20833333333333334,21.0
87K19,10,0.1875,21.0
87K19,11,0.3333333333333333,21.0
88K32,1,0.0,18.0
88K32,2,0.0,19.0
88K32,3,0.0,20.0
88K32,4,0.0,21.0
88K32,5,0.0,21.0
88K32,6,0.0,21.0
88K32,7,0.0,21.0
88K32,8,0.0,21.0
88K32,9,0.0,21.0
88K32,10,0.0,21.0
88K32,11,0.0,21.0
89K29,1,0.8333333333333334,18.0
89K29,2,0.8125,18.0
89K29,3,0.8333333333333334,18.0
89K29,4,0.8333333333333334,18.0
89K29,5,0.9375,18.0
89K29,6,0.875,17.0
89K29,7,0.9166666666666666,17.0
89K29,8,0.9375,16.0
89K29,9,0.8333333333333334,15.0
89K29,10,0.8958333333333334,15.0
89K29,11,0.8125,15.0
8M24,1,0.8958333333333334,18.0
8M24,2,0.9375,18.0
8M24,3,0.9166666666666666,17.0
8M24,4,0.9166666666666666,16.0
8M24,5,0.8333333333333334,15.0
8M24,6,0.6666666666666666,15.0
8M24,7,0.7291666666666666,15.0
8M24,8,0.7916666666666666,15.0
8M24,9,0.625,15.0
8M24,10,0.6666666666666666,15.0
8M24,11,0.875,15.0
90M26,1,0.9166666666666666,18.0
90M26,2,0.7916666666666666,17.0
90M26,3,0.875,17.0
90M26,4,0.7916666666666666,17.0
90M26,5,0.8125,17.0
90M26,6,0.7083333333333334,17.0
90M26,7,0.7708333333333334,17.0
90M26,8,0.75,17.0
90M26,9,0.9166666666666666,17.0
90M26,10,0.9375,16.0
90M26,11,0.7708333333333334,15.0
91M22,1,0.8125,18.0
91M22,2,0.8541666666666666,18.0
91M22,3,0.7708333333333334,18.0
91M22,4,0.5833333333333334,18.0
91M22,5,0.5833333333333334,19.0
91M22,6,0.6458333333333334,20.0
91M22,7,0.5833333333333334,20.0
91M22,8,0.6458333333333334,21.0
91M22,9,0.5208333333333334,21.0
91M22,10,0.5833333333333334,21.0
91M22,11,0.6041666666666666,21.0
92M28,1,0.2708333333333333,18.0
92M28,2,0.5,19.0
92M28,3,0.4791666666666667,20.0
92M28,4,0.20833333333333334,21.0
92M28,5,0.22916666666666666,21.0
92M28,6,0.3541666666666667,21.0
92M28,7,0.25,21.0
92M28,8,0.3541666666666667,21.0
92M28,9,0.3541666666666667,21.0
92M28,10,0.22916666666666666,21.0
92M28,11,0.2916666666666667,21.0
93K19,1,0.5416666666666666,18.0
93K19,2,0.5833333333333334,19.0
93K19,3,0.6458333333333334,20.0
93K19,4,0.5416666666666666,20.0
93K19,5,0.625,21.0
93K19,6,0.7708333333333334,21.0
93K19,7,0.5625,21.0
93K19,8,0.7916666666666666,21.0
93K19,9,0.8125,21.0
93K19,10,0.7291666666666666,21.0
93K19,11,0.9375,21.0
94K23,1,0.875,18.0
94K23,2,0.75,18.0
94K23,3,0.8125,18.0
94K23,4,0.75,18.0
94K23,5,0.875,18.0
94K23,6,0.8541666666666666,18.0
94K23,7,0.8125,18.0
94K23,8,0.875,18.0
94K23,9,0.8333333333333334,18.0
94K23,10,0.8333333333333334,18.0
94K23,11,0.7291666666666666,18.0
95K20,1,0.5833333333333334,18.0
95K20,2,0.5625,19.0
95K20,3,0.4791666666666667,20.0
95K20,4,0.5,21.0
95K20,5,0.5,21.0
95K20,6,0.2916666666666667,21.0
95K20,7,0.7083333333333334,21.0
95K20,8,0.7083333333333334,21.0
95K20,9,0.4375,21.0
95K20,10,0.1875,21.0
95K20,11,0.3541666666666667,21.0
96K22,1,0.875,18.0
96K22,2,0.8958333333333334,18.0
96K22,3,0.9791666666666666,18.0
96K22,4,0.9791666666666666,17.0
96K22,5,0.8333333333333334,16.0
96K22,6,0.9166666666666666,16.0
96K22,7,0.8541666666666666,15.0
96K22,8,0.875,15.0
96K22,9,0.8958333333333334,15.0
96K22,10,0.8541666666666666,15.0
96K22,11,0.8333333333333334,15.0
97K21,1,0.8541666666666666,18.0
97K21,2,0.75,18.0
97K21,3,0.6666666666666666,18.0
97K21,4,0.7291666666666666,18.0
97K21,5,0.7083333333333334,18.0
97K21,6,0.5833333333333334,18.0
97K21,7,0.6041666666666666,19.0
97K21,8,0.6875,19.0
97K21,9,0.8958333333333334,19.0
97K21,10,0.875,19.0
97K21,11,0.8541666666666666,19.0
98K28,1,0.5833333333333334,18.0
98K28,2,0.5625,19.0
98K28,3,0.5,20.0
98K28,4,0.4375,21.0
98K28,5,0.5208333333333334,21.0
98K28,6,0.3541666666666667,21.0
98K28,7,0.2916666666666667,21.0
98K28,8,0.4583333333333333,21.0
98K28,9,0.3958333333333333,21.0
98K28,10,0.5416666666666666,21.0
98K28,11,0.3541666666666667,21.0
99M27,1,0.7083333333333334,18.0
99M27,2,0.7291666666666666,18.0
99M27,3,0.7083333333333334,18.0
99M27,4,0.7083333333333334,18.0
99M27,5,0.75,18.0
99M27,6,0.7708333333333334,18.0
99M27,7,0.5208333333333334,18.0
99M27,8,0.6666666666666666,19.0
99M27,9,0.6875,19.0
99M27,10,0.7083333333333334,19.0
99M27,11,0.7083333333333334,19.0
9M24,1,0.8958333333333334,18.0
9M24,2,0.9791666666666666,18.0
9M24,3,0.9166666666666666,17.0
9M24,4,0.8958333333333334,16.0
9M24,5,0.875,16.0
9M24,6,0.875,16.0
9M24,7,0.9166666666666666,16.0
9M24,8,0.875,15.0
9M24,9,0.7708333333333334,15.0
9M24,10,0.7708333333333334,15.0
9M24,11,0.7916666666666666,15.0
